nombre,email,telefono
Victorino Iborra-Andrés,glledo@example.net,+34872 86 40 09
Albino Bas Cordero,maria-fernanda65@example.com,+34 944225731
Agustín de Mayoral,cadenasildefonso@example.org,+34 841 430 979
Clotilde Acosta Aliaga,tomasa14@example.net,+34955 801 759
Íñigo Tomas Arenas,paula89@example.net,+34725 95 27 89
Juana Armas Mínguez,auroracapdevila@example.org,+34 926 36 29 07
Jacobo Casanova Caballero,cerrosamanta@example.net,+34827 277 997
Juan Carlos Clemente Noguera,tomas61@example.com,+34 986 891 944
Berto Portillo-Grande,uperez@example.com,+34 981022581
Albano Camino Cervantes,cristianvillena@example.net,+34 948 619 844
Carmen Salomé Belda Araujo,carmelo67@example.com,+34 946 023 806
Leocadio Estévez Villalba,sierracristobal@example.org,+34803521145
Dorita Hernández Álamo,maria-belen58@example.com,+34 877 946 415
Ale Velasco Ferrán,oroman@example.com,+34 947 576 315
Aurelio Rosselló-Osorio,expositocarla@example.com,+34 920 930 368
Miguela del Arrieta,bgallo@example.com,+34842 96 18 31
Felix Olmedo Novoa,manuvalverde@example.net,+34957 436 805
Custodia de Colomer,ytorres@example.com,+34 978403718
Roldán Lobato Girona,segoviacarmela@example.org,+34 873839383
Bruno Pascual Rosselló,portillofelix@example.net,+34 887 04 53 26
